name,lad_code
Adur,E07000223
Allerdale,E07000026
Amber Valley,E07000032
Arun,E07000224
Ashfield,E07000170
Ashford,E07000105
Babergh,E07000200
Barking & Dagenham,E09000002
Barnet,E09000003
Barnsley,E08000016
Barrow-In-Furness,E07000027
Basildon,E07000066
Basingstoke & Deane,E07000084
Bath & North East Somerset,E06000022
BCP Council,E06000058
Bedford,E06000055
Bexley,E09000004
Birmingham,E08000025
Blaby,E07000129
Blackburn,E06000008
Blackpool,E06000009
Blaenau Gwent,W06000019
Bolsover,E07000033
Bolton,E08000001
Boston,E07000136
Bracknell Forest UA,E06000036
Bradford,E08000032
Braintree,E07000067
Breckland,E07000143
Brent,E09000005
Brentwood,E07000068
Bridgend,W06000013
Brighton & Hove UA,E06000043
Bristol City Of,E06000023
Broadland,E07000144
Bromley,E09000006
Bromsgrove,E07000234
Broxtowe,E07000172
Buckinghamshire,E06000060
Burnley,E07000117
Bury,E08000002
Caerphilly,W06000018
Calderdale,E08000033
Cambridge,E07000008
Camden,E09000007
Cannock Chase,E07000192
Canterbury,E07000106
Cardiff,W06000015
Carlisle,E07000028
Carmarthenshire,W06000010
Castle Point,E07000069
Central Bedfordshire,E06000056
Ceredigion,W06000008
Charnwood,E07000130
Chelmsford,E07000070
Cheltenham,E07000078
Cherwell,E07000177
Cheshire East,E06000049
Cheshire West And Chester,E06000050
Chesterfield,E07000034
Chichester,E07000225
Chorley,E07000118
City Of London,E09000001
Colchester,E07000071
Conwy,W06000003
Copeland,E07000029
Cornwall,E06000052
Coventry,E08000026
Crawley,E07000226
Croydon,E09000008
Dacorum,E07000096
Darlington UA,E06000005
Dartford,E07000107
Denbighshire,W06000004
Derby,E06000015
Derbyshire Dales,E07000035
Doncaster,E08000017
Dorset,E06000059
Dover,E07000108
Dudley,E08000027
Durham,E06000047
Ealing,E09000009
East Cambs,E07000009
East Devon,E07000040
East Hampshire,E07000085
East Hertfordshire,E07000242
East Lindsey,E07000137
East Riding Of Yorkshire,E06000011
East Staffordshire,E07000193
East Suffolk,E07000244
Eastbourne,E07000061
Eastleigh,E07000086
Eden,E07000030
Elmbridge,E07000207
Enfield,E09000010
Epping Forest,E07000072
Epsom & Ewell,E07000208
Erewash,E07000036
Exeter,E07000041
Fareham,E07000087
Fenland,E07000010
Flintshire,W06000005
Forest Of Dean,E07000080
Fylde,E07000119
Gateshead,E08000037
Gedling,E07000173
Gloucester,E07000081
Gosport,E07000088
Gravesham,E07000109
Great Yarmouth,E07000145
Greenwich,E09000011
Guildford,E07000209
Gwynedd,W06000002
Hackney,E09000012
Halton UA,E06000006
Hammersmith & Fulham,E09000013
Harborough,E07000131
Haringey,E09000014
Harlow,E07000073
Harrow,E09000015
Hart,E07000089
Hartlepool UA,E06000001
Hastings,E07000062
Havant,E07000090
Havering,E09000016
Health Status,H00000000
Herefordshire,E06000019
Hertsmere,E07000098
High Peak,E07000037
Hillingdon,E09000017
Hinckley & Bosworth,E07000132
Horsham,E07000227
Hounslow,E09000018
Huntingdonshire,E07000011
Hyndburn,E07000120
Ipswich,E07000202
Isle Of Anglesey,W06000001
Isle Of Wight UA,E06000046
Isles Of Scilly,E06000053
Islington,E09000019
Kensington & Chelsea,E09000020
Kings Lynn & West Norfolk,E07000146
Kingston Upon Hull City Of UA,E06000010
Kingston upon Thames,E09000021
Kirklees,E08000034
Knowsley,E08000011
Lambeth,E09000022
Lancaster,E07000121
Leeds,E08000035
Leicester UA,E06000016
Lewes,E07000063
Lewisham,E09000023
Lichfield,E07000194
Lincoln,E07000138
Liverpool,E08000012
Luton UA,E06000032
Maidstone,E07000110
Maldon,E07000074
Malvern Hills,E07000235
Manchester,E08000003
Mansfield,E07000174
Medway,E06000035
Melton,E07000133
Mendip,E06000066
Merthyr Tydfil,W06000024
Merton,E09000024
Mid Devon,E07000042
Mid Suffolk,E07000203
Mid Sussex,E07000228
Middlesbrough UA,E06000002
Milton Keynes UA,E06000042
Mole Valley,E07000210
Monmouthshire,W06000021
Neath Port Talbot,W06000012
New Forest,E07000091
Newark & Sherwood,E07000175
Newcastle Upon Tyne,E08000021
Newcastle-Under-Lyme,E07000195
Newham,E09000025
Newport,W06000022
North Devon,E07000043
North East Derbyshire,E07000038
North East Lincolnshire,E06000012
North Hertfordshire,E07000099
North Kesteven,E07000139
North Lincolnshire,E06000013
North Norfolk,E07000147
North Northamptonshire,E06000061
North Somerset,E06000024
North Warwickshire,E07000218
North West Leicestershire,E07000134
North Yorkshire,E06000065
Northumberland,E06000057
Norwich,E07000148
Nottingham UA,E06000018
Nuneaton & Bedworth,E07000219
Oadby & Wigston,E07000135
Oxford,E07000178
Pembrokeshire,W06000009
Pendle,E07000122
Performance Test,P00000000
Peterborough UA,E06000031
Plymouth,E06000026
Portsmouth UA,E06000044
Powys,W06000023
Preston,E07000123
Reading UA,E06000038
Redbridge,E09000026
Redcar & Cleveland UA,E06000003
Redditch,E07000236
Reigate & Banstead,E07000211
Rhondda Cynon Taf,W06000016
Ribble Valley,E07000124
Richmond Upon Thames,E09000027
Rochdale,E08000005
Rossendale,E07000125
Rother,E07000064
Rotherham,E08000018
Rugby,E07000220
Runnymede,E07000212
Rushcliffe,E07000176
Rushmoor,E07000092
Rutland,E06000017
Salford,E08000006
Sandwell,E08000028
Sedgemoor,E06000066
Sefton,E08000014
Sevenoaks,E07000111
Sheffield,E08000019
Shepway (Folkstone-Hythe),E07000112
Shropshire,E06000051
Slough UA,E06000039
Solihull,E08000029
Somerset West & Taunton,E06000066
South Cambridgeshire,E07000012
South Derbyshire,E07000039
South Gloucestershire UA,E06000025
South Hams,E07000044
South Holland,E07000140
South Kesteven,E07000141
South Lakeland,E07000031
South Norfolk,E07000149
South Oxfordshire,E07000179
South Ribble,E07000126
South Somerset,E06000066
South Staffordshire,E07000196
South Tyneside,E08000023
Southampton UA,E06000045
Southend UA,E06000033
Southwark,E09000028
Spelthorne,E07000213
St Albans,E07000240
St Helens,E08000013
Stafford,E07000197
Staffordshire Moorlands,E07000198
Stevenage,E07000243
Stockport,E08000007
Stockton-On-Tees,E06000004
Stoke-On-Trent UA,E06000021
Stratford-Upon-Avon,E07000221
Stroud,E07000082
Sunderland,E08000024
Surrey Heath,E07000214
Sutton,E09000029
Swale,E07000113
Swansea,W06000011
Swindon UA,E06000030
Tameside,E08000008
Tamworth,E07000199
Tandridge,E07000215
Teignbridge,E07000045
Telford & Wrekin,E06000020
Tendring,E07000076
Test,E00000000
Test Valley,E07000093
Tewkesbury,E07000083
Thanet,E07000114
The Cotswolds,E07000079
Three Rivers,E07000102
Thurrock UA,E06000034
Tonbridge & Malling,E07000115
Torbay UA,E06000027
Torfaen,W06000020
Torridge,E07000046
Tower Hamlets,E09000030
Trafford,E08000009
Tunbridge Wells,E07000116
Uttlesford,E07000077
Vale Of Glamorgan,W06000014
Vale Of White Horse,E07000180
W06000009,PEMBROKESHIRE
W06000013,BRIDGEND
W06000015,CARDIFF
Wakefield,E08000036
Walsall,E08000030
Waltham Forest,E09000031
Wandsworth,E09000032
Warrington UA,E06000007
Warwick,E07000222
Watford,E07000103
Waverley,E07000216
Wealden,E07000065
Welwyn Hatfield,E07000241
West Berkshire,E06000037
West Devon,E07000047
West Lancashire,E07000127
West Lindsey,E07000142
West Northamptonshire,E06000062
West Oxfordshire,E07000181
West Suffolk,E07000245
Westminster,E09000033
Wigan,E08000010
Wiltshire,E06000054
Winchester,E07000094
Windsor And Maidenhead,E06000040
Wirral,E08000015
Woking,E07000217
Wokingham,E06000041
Wolverhampton,E08000031
Worcester,E07000237
Worthing,E07000229
Wrexham,W06000006
Wychavon,E07000238
Wyre,E07000128
Wyre Forest,E07000239
York UA,E06000014
